Workbook

Sheet 貼り付け用

Sheet 利用者情報【変換後】
A1: No | B1: 利用者名 | C1: 利用者カナ | D1: 利用者生年月日 | E1: 性別 | F1: 郵便番号 | G1: 都道府県 | H1: 市区町村 | I1: 町名以下 | J1: 建物名 | K1: 利用者電話番号 | L1: 利用者状態 | M1: 備考
A2: =ROW()-1 -> 1 | B2: =IF(OFFSET(貼り付け用!$A$1,$A2,MATCH(B$1,貼り付け用!$1:$1,0)-1)=0,"",OFFSET(貼り付け用!$A$1,$A2,MATCH(B$1,貼り付け用!$1:$1,0)-1)) -> #N/A | C2: =IF(OFFSET(貼り付け用!$A$1,$A2,MATCH(C$1,貼り付け用!$1:$1,0)-1)=0,"",OFFSET(貼り付け用!$A$1,$A2,MATCH(C$1,貼り付け用!$1:$1,0)-1)) -> #N/A | D2: =IF(OFFSET(貼り付け用!$A$1,$A2,MATCH(D$1,貼り付け用!$1:$1,0)-1)=0,"",OFFSET(貼り付け用!$A$1,$A2,MATCH(D$1,貼り付け用!$1:$1,0)-1)) -> #N/A | E2: =IF(OFFSET(貼り付け用!$A$1,$A2,MATCH(E$1,貼り付け用!$1:$1,0)-1)=0,"",OFFSET(貼り付け用!$A$1,$A2,MATCH(E$1,貼り付け用!$1:$1,0)-1)) -> #N/A | F2: =IF(OFFSET(貼り付け用!$A$1,$A2,MATCH(F$1,貼り付け用!$1:$1,0)-1)=0,"",OFFSET(貼り付け用!$A$1,$A2,MATCH(F$1,貼り付け用!$1:$1,0)-1)) -> #N/A | G2: =IF(OFFSET(貼り付け用!$A$1,$A2,MATCH(G$1,貼り付け用!$1:$1,0)-1)=0,"",OFFSET(貼り付け用!$A$1,$A2,MATCH(G$1,貼り付け用!$1:$1,0)-1)) -> #N/A | H2: =IF(OFFSET(貼り付け用!$A$1,$A2,MATCH(H$1,貼り付け用!$1:$1,0)-1)=0,"",OFFSET(貼り付け用!$A$1,$A2,MATCH(H$1,貼り付け用!$1:$1,0)-1)) -> #N/A | I2: =IF(OFFSET(貼り付け用!$A$1,$A2,MATCH(I$1,貼り付け用!$1:$1,0)-1)=0,"",OFFSET(貼り付け用!$A$1,$A2,MATCH(I$1,貼り付け用!$1:$1,0)-1)) -> #N/A | ... M2: =IF(OFFSET(貼り付け用!$A$1,$A2,MATCH(M$1,貼り付け用!$1:$1,0)-1)=0,"",OFFSET(貼り付け用!$A$1,$A2,MATCH(M$1,貼り付け用!$1:$1,0)-1)) -> #N/A
A3: =IF(COUNTIF(OFFSET(貼り付け用!$A$1,A2+1,MATCH(L$1,貼り付け用!$1:$1,0)-1),"*停止*"), IF(COUNTIF(OFFSET(貼り付け用!$A$1,A2+2,MATCH(L$1,貼り付け用!$1:$1,0)-1),"*停止*"), IF(COUNTIF(OFFSET(貼り付け用!$A$1,A2+3,MATCH(L$1,貼り付け用!$1:$1,0)-1),"*停止*"), IF(COUNTIF(OFFSET(貼り付け用!$A$1,A2+4,MATCH(L$1,貼り付け用!$1:$1,0)-1),"*停止*"), IF(COUNTIF(OFFSET(貼り付け用!$A$1,A2+5,MATCH(L$1,貼り付け用!$1:$1,0)-1),"*停止*"), IF(COUNTIF(OFFSET(貼り付け用!$A$1,A2+6,MATCH(L$1,貼り付け用!$1:$1,0)-1),"*停止*"), IF(COUNTIF(OFFSET(貼り付け用!$A$1,A2+7,MATCH(L$1,貼り付け用!$1:$1,0)-1),"*停止*"), IF(COUNTIF(OFFSET(貼り付け用!$A$1,A2+8,MATCH(L$1,貼り付け用!$1:$1,0)-1),"*停止*"), IF(COUNTIF(OFFSET(貼り付け用!$A$1,A2+9,MATCH(L$1,貼り付け用!$1:$1,0)-1),"*停止*"), IF(COUNTIF(OFFSET(貼り付け用!$A$1,A2+10,MATCH(L$1,貼り付け用!$1:$1,0)-1),"*停止*"),A2+11,A2+10),A2+9),A2+8),A2+7),A2+6),A2+5),A2+4),A2+3),A2+2),A2+1) -> #N/A | B3: =IF(OFFSET(貼り付け用!$A$1,$A3,MATCH(B$1,貼り付け用!$1:$1,0)-1)=0,"",OFFSET(貼り付け用!$A$1,$A3,MATCH(B$1,貼り付け用!$1:$1,0)-1)) -> #N/A | C3: =IF(OFFSET(貼り付け用!$A$1,$A3,MATCH(C$1,貼り付け用!$1:$1,0)-1)=0,"",OFFSET(貼り付け用!$A$1,$A3,MATCH(C$1,貼り付け用!$1:$1,0)-1)) -> #N/A | D3: =IF(OFFSET(貼り付け用!$A$1,$A3,MATCH(D$1,貼り付け用!$1:$1,0)-1)=0,"",OFFSET(貼り付け用!$A$1,$A3,MATCH(D$1,貼り付け用!$1:$1,0)-1)) -> #N/A | E3: =IF(OFFSET(貼り付け用!$A$1,$A3,MATCH(E$1,貼り付け用!$1:$1,0)-1)=0,"",OFFSET(貼り付け用!$A$1,$A3,MATCH(E$1,貼り付け用!$1:$1,0)-1)) -> #N/A | F3: =IF(OFFSET(貼り付け用!$A$1,$A3,MATCH(F$1,貼り付け用!$1:$1,0)-1)=0,"",OFFSET(貼り付け用!$A$1,$A3,MATCH(F$1,貼り付け用!$1:$1,0)-1)) -> #N/A | G3: =IF(OFFSET(貼り付け用!$A$1,$A3,MATCH(G$1,貼り付け用!$1:$1,0)-1)=0,"",OFFSET(貼り付け用!$A$1,$A3,MATCH(G$1,貼り付け用!$1:$1,0)-1)) -> #N/A | H3: =IF(OFFSET(貼り付け用!$A$1,$A3,MATCH(H$1,貼り付け用!$1:$1,0)-1)=0,"",OFFSET(貼り付け用!$A$1,$A3,MATCH(H$1,貼り付け用!$1:$1,0)-1)) -> #N/A | I3: =IF(OFFSET(貼り付け用!$A$1,$A3,MATCH(I$1,貼り付け用!$1:$1,0)-1)=0,"",OFFSET(貼り付け用!$A$1,$A3,MATCH(I$1,貼り付け用!$1:$1,0)-1)) -> #N/A | ... M3: =IF(OFFSET(貼り付け用!$A$1,$A3,MATCH(M$1,貼り付け用!$1:$1,0)-1)=0,"",OFFSET(貼り付け用!$A$1,$A3,MATCH(M$1,貼り付け用!$1:$1,0)-1)) -> #N/A
A4: =IF(COUNTIF(OFFSET(貼り付け用!$A$1,A3+1,MATCH(L$1,貼り付け用!$1:$1,0)-1),"*停止*"), IF(COUNTIF(OFFSET(貼り付け用!$A$1,A3+2,MATCH(L$1,貼り付け用!$1:$1,0)-1),"*停止*"), IF(COUNTIF(OFFSET(貼り付け用!$A$1,A3+3,MATCH(L$1,貼り付け用!$1:$1,0)-1),"*停止*"), IF(COUNTIF(OFFSET(貼り付け用!$A$1,A3+4,MATCH(L$1,貼り付け用!$1:$1,0)-1),"*停止*"), IF(COUNTIF(OFFSET(貼り付け用!$A$1,A3+5,MATCH(L$1,貼り付け用!$1:$1,0)-1),"*停止*"), IF(COUNTIF(OFFSET(貼り付け用!$A$1,A3+6,MATCH(L$1,貼り付け用!$1:$1,0)-1),"*停止*"), IF(COUNTIF(OFFSET(貼り付け用!$A$1,A3+7,MATCH(L$1,貼り付け用!$1:$1,0)-1),"*停止*"), IF(COUNTIF(OFFSET(貼り付け用!$A$1,A3+8,MATCH(L$1,貼り付け用!$1:$1,0)-1),"*停止*"), IF(COUNTIF(OFFSET(貼り付け用!$A$1,A3+9,MATCH(L$1,貼り付け用!$1:$1,0)-1),"*停止*"), IF(COUNTIF(OFFSET(貼り付け用!$A$1,A3+10,MATCH(L$1,貼り付け用!$1:$1,0)-1),"*停止*"),A3+11,A3+10),A3+9),A3+8),A3+7),A3+6),A3+5),A3+4),A3+3),A3+2),A3+1) -> #N/A | B4: =IF(OFFSET(貼り付け用!$A$1,$A4,MATCH(B$1,貼り付け用!$1:$1,0)-1)=0,"",OFFSET(貼り付け用!$A$1,$A4,MATCH(B$1,貼り付け用!$1:$1,0)-1)) -> #N/A | C4: =IF(OFFSET(貼り付け用!$A$1,$A4,MATCH(C$1,貼り付け用!$1:$1,0)-1)=0,"",OFFSET(貼り付け用!$A$1,$A4,MATCH(C$1,貼り付け用!$1:$1,0)-1)) -> #N/A | D4: =IF(OFFSET(貼り付け用!$A$1,$A4,MATCH(D$1,貼り付け用!$1:$1,0)-1)=0,"",OFFSET(貼り付け用!$A$1,$A4,MATCH(D$1,貼り付け用!$1:$1,0)-1)) -> #N/A | E4: =IF(OFFSET(貼り付け用!$A$1,$A4,MATCH(E$1,貼り付け用!$1:$1,0)-1)=0,"",OFFSET(貼り付け用!$A$1,$A4,MATCH(E$1,貼り付け用!$1:$1,0)-1)) -> #N/A | F4: =IF(OFFSET(貼り付け用!$A$1,$A4,MATCH(F$1,貼り付け用!$1:$1,0)-1)=0,"",OFFSET(貼り付け用!$A$1,$A4,MATCH(F$1,貼り付け用!$1:$1,0)-1)) -> #N/A | G4: =IF(OFFSET(貼り付け用!$A$1,$A4,MATCH(G$1,貼り付け用!$1:$1,0)-1)=0,"",OFFSET(貼り付け用!$A$1,$A4,MATCH(G$1,貼り付け用!$1:$1,0)-1)) -> #N/A | H4: =IF(OFFSET(貼り付け用!$A$1,$A4,MATCH(H$1,貼り付け用!$1:$1,0)-1)=0,"",OFFSET(貼り付け用!$A$1,$A4,MATCH(H$1,貼り付け用!$1:$1,0)-1)) -> #N/A | I4: =IF(OFFSET(貼り付け用!$A$1,$A4,MATCH(I$1,貼り付け用!$1:$1,0)-1)=0,"",OFFSET(貼り付け用!$A$1,$A4,MATCH(I$1,貼り付け用!$1:$1,0)-1)) -> #N/A | ... M4: =IF(OFFSET(貼り付け用!$A$1,$A4,MATCH(M$1,貼り付け用!$1:$1,0)-1)=0,"",OFFSET(貼り付け用!$A$1,$A4,MATCH(M$1,貼り付け用!$1:$1,0)-1)) -> #N/A
A5: =IF(COUNTIF(OFFSET(貼り付け用!$A$1,A4+1,MATCH(L$1,貼り付け用!$1:$1,0)-1),"*停止*"), IF(COUNTIF(OFFSET(貼り付け用!$A$1,A4+2,MATCH(L$1,貼り付け用!$1:$1,0)-1),"*停止*"), IF(COUNTIF(OFFSET(貼り付け用!$A$1,A4+3,MATCH(L$1,貼り付け用!$1:$1,0)-1),"*停止*"), IF(COUNTIF(OFFSET(貼り付け用!$A$1,A4+4,MATCH(L$1,貼り付け用!$1:$1,0)-1),"*停止*"), IF(COUNTIF(OFFSET(貼り付け用!$A$1,A4+5,MATCH(L$1,貼り付け用!$1:$1,0)-1),"*停止*"), IF(COUNTIF(OFFSET(貼り付け用!$A$1,A4+6,MATCH(L$1,貼り付け用!$1:$1,0)-1),"*停止*"), IF(COUNTIF(OFFSET(貼り付け用!$A$1,A4+7,MATCH(L$1,貼り付け用!$1:$1,0)-1),"*停止*"), IF(COUNTIF(OFFSET(貼り付け用!$A$1,A4+8,MATCH(L$1,貼り付け用!$1:$1,0)-1),"*停止*"), IF(COUNTIF(OFFSET(貼り付け用!$A$1,A4+9,MATCH(L$1,貼り付け用!$1:$1,0)-1),"*停止*"), IF(COUNTIF(OFFSET(貼り付け用!$A$1,A4+10,MATCH(L$1,貼り付け用!$1:$1,0)-1),"*停止*"),A4+11,A4+10),A4+9),A4+8),A4+7),A4+6),A4+5),A4+4),A4+3),A4+2),A4+1) -> #N/A | B5: =IF(OFFSET(貼り付け用!$A$1,$A5,MATCH(B$1,貼り付け用!$1:$1,0)-1)=0,"",OFFSET(貼り付け用!$A$1,$A5,MATCH(B$1,貼り付け用!$1:$1,0)-1)) -> #N/A | C5: =IF(OFFSET(貼り付け用!$A$1,$A5,MATCH(C$1,貼り付け用!$1:$1,0)-1)=0,"",OFFSET(貼り付け用!$A$1,$A5,MATCH(C$1,貼り付け用!$1:$1,0)-1)) -> #N/A | D5: =IF(OFFSET(貼り付け用!$A$1,$A5,MATCH(D$1,貼り付け用!$1:$1,0)-1)=0,"",OFFSET(貼り付け用!$A$1,$A5,MATCH(D$1,貼り付け用!$1:$1,0)-1)) -> #N/A | E5: =IF(OFFSET(貼り付け用!$A$1,$A5,MATCH(E$1,貼り付け用!$1:$1,0)-1)=0,"",OFFSET(貼り付け用!$A$1,$A5,MATCH(E$1,貼り付け用!$1:$1,0)-1)) -> #N/A | F5: =IF(OFFSET(貼り付け用!$A$1,$A5,MATCH(F$1,貼り付け用!$1:$1,0)-1)=0,"",OFFSET(貼り付け用!$A$1,$A5,MATCH(F$1,貼り付け用!$1:$1,0)-1)) -> #N/A | G5: =IF(OFFSET(貼り付け用!$A$1,$A5,MATCH(G$1,貼り付け用!$1:$1,0)-1)=0,"",OFFSET(貼り付け用!$A$1,$A5,MATCH(G$1,貼り付け用!$1:$1,0)-1)) -> #N/A | H5: =IF(OFFSET(貼り付け用!$A$1,$A5,MATCH(H$1,貼り付け用!$1:$1,0)-1)=0,"",OFFSET(貼り付け用!$A$1,$A5,MATCH(H$1,貼り付け用!$1:$1,0)-1)) -> #N/A | I5: =IF(OFFSET(貼り付け用!$A$1,$A5,MATCH(I$1,貼り付け用!$1:$1,0)-1)=0,"",OFFSET(貼り付け用!$A$1,$A5,MATCH(I$1,貼り付け用!$1:$1,0)-1)) -> #N/A | ... M5: =IF(OFFSET(貼り付け用!$A$1,$A5,MATCH(M$1,貼り付け用!$1:$1,0)-1)=0,"",OFFSET(貼り付け用!$A$1,$A5,MATCH(M$1,貼り付け用!$1:$1,0)-1)) -> #N/A
A6: =IF(COUNTIF(OFFSET(貼り付け用!$A$1,A5+1,MATCH(L$1,貼り付け用!$1:$1,0)-1),"*停止*"), IF(COUNTIF(OFFSET(貼り付け用!$A$1,A5+2,MATCH(L$1,貼り付け用!$1:$1,0)-1),"*停止*"), IF(COUNTIF(OFFSET(貼り付け用!$A$1,A5+3,MATCH(L$1,貼り付け用!$1:$1,0)-1),"*停止*"), IF(COUNTIF(OFFSET(貼り付け用!$A$1,A5+4,MATCH(L$1,貼り付け用!$1:$1,0)-1),"*停止*"), IF(COUNTIF(OFFSET(貼り付け用!$A$1,A5+5,MATCH(L$1,貼り付け用!$1:$1,0)-1),"*停止*"), IF(COUNTIF(OFFSET(貼り付け用!$A$1,A5+6,MATCH(L$1,貼り付け用!$1:$1,0)-1),"*停止*"), IF(COUNTIF(OFFSET(貼り付け用!$A$1,A5+7,MATCH(L$1,貼り付け用!$1:$1,0)-1),"*停止*"), IF(COUNTIF(OFFSET(貼り付け用!$A$1,A5+8,MATCH(L$1,貼り付け用!$1:$1,0)-1),"*停止*"), IF(COUNTIF(OFFSET(貼り付け用!$A$1,A5+9,MATCH(L$1,貼り付け用!$1:$1,0)-1),"*停止*"), IF(COUNTIF(OFFSET(貼り付け用!$A$1,A5+10,MATCH(L$1,貼り付け用!$1:$1,0)-1),"*停止*"),A5+11,A5+10),A5+9),A5+8),A5+7),A5+6),A5+5),A5+4),A5+3),A5+2),A5+1) -> #N/A | B6: =IF(OFFSET(貼り付け用!$A$1,$A6,MATCH(B$1,貼り付け用!$1:$1,0)-1)=0,"",OFFSET(貼り付け用!$A$1,$A6,MATCH(B$1,貼り付け用!$1:$1,0)-1)) -> #N/A | C6: =IF(OFFSET(貼り付け用!$A$1,$A6,MATCH(C$1,貼り付け用!$1:$1,0)-1)=0,"",OFFSET(貼り付け用!$A$1,$A6,MATCH(C$1,貼り付け用!$1:$1,0)-1)) -> #N/A | D6: =IF(OFFSET(貼り付け用!$A$1,$A6,MATCH(D$1,貼り付け用!$1:$1,0)-1)=0,"",OFFSET(貼り付け用!$A$1,$A6,MATCH(D$1,貼り付け用!$1:$1,0)-1)) -> #N/A | E6: =IF(OFFSET(貼り付け用!$A$1,$A6,MATCH(E$1,貼り付け用!$1:$1,0)-1)=0,"",OFFSET(貼り付け用!$A$1,$A6,MATCH(E$1,貼り付け用!$1:$1,0)-1)) -> #N/A | F6: =IF(OFFSET(貼り付け用!$A$1,$A6,MATCH(F$1,貼り付け用!$1:$1,0)-1)=0,"",OFFSET(貼り付け用!$A$1,$A6,MATCH(F$1,貼り付け用!$1:$1,0)-1)) -> #N/A | G6: =IF(OFFSET(貼り付け用!$A$1,$A6,MATCH(G$1,貼り付け用!$1:$1,0)-1)=0,"",OFFSET(貼り付け用!$A$1,$A6,MATCH(G$1,貼り付け用!$1:$1,0)-1)) -> #N/A | H6: =IF(OFFSET(貼り付け用!$A$1,$A6,MATCH(H$1,貼り付け用!$1:$1,0)-1)=0,"",OFFSET(貼り付け用!$A$1,$A6,MATCH(H$1,貼り付け用!$1:$1,0)-1)) -> #N/A | I6: =IF(OFFSET(貼り付け用!$A$1,$A6,MATCH(I$1,貼り付け用!$1:$1,0)-1)=0,"",OFFSET(貼り付け用!$A$1,$A6,MATCH(I$1,貼り付け用!$1:$1,0)-1)) -> #N/A | ... M6: =IF(OFFSET(貼り付け用!$A$1,$A6,MATCH(M$1,貼り付け用!$1:$1,0)-1)=0,"",OFFSET(貼り付け用!$A$1,$A6,MATCH(M$1,貼り付け用!$1:$1,0)-1)) -> #N/A
A7: =IF(COUNTIF(OFFSET(貼り付け用!$A$1,A6+1,MATCH(L$1,貼り付け用!$1:$1,0)-1),"*停止*"), IF(COUNTIF(OFFSET(貼り付け用!$A$1,A6+2,MATCH(L$1,貼り付け用!$1:$1,0)-1),"*停止*"), IF(COUNTIF(OFFSET(貼り付け用!$A$1,A6+3,MATCH(L$1,貼り付け用!$1:$1,0)-1),"*停止*"), IF(COUNTIF(OFFSET(貼り付け用!$A$1,A6+4,MATCH(L$1,貼り付け用!$1:$1,0)-1),"*停止*"), IF(COUNTIF(OFFSET(貼り付け用!$A$1,A6+5,MATCH(L$1,貼り付け用!$1:$1,0)-1),"*停止*"), IF(COUNTIF(OFFSET(貼り付け用!$A$1,A6+6,MATCH(L$1,貼り付け用!$1:$1,0)-1),"*停止*"), IF(COUNTIF(OFFSET(貼り付け用!$A$1,A6+7,MATCH(L$1,貼り付け用!$1:$1,0)-1),"*停止*"), IF(COUNTIF(OFFSET(貼り付け用!$A$1,A6+8,MATCH(L$1,貼り付け用!$1:$1,0)-1),"*停止*"), IF(COUNTIF(OFFSET(貼り付け用!$A$1,A6+9,MATCH(L$1,貼り付け用!$1:$1,0)-1),"*停止*"), IF(COUNTIF(OFFSET(貼り付け用!$A$1,A6+10,MATCH(L$1,貼り付け用!$1:$1,0)-1),"*停止*"),A6+11,A6+10),A6+9),A6+8),A6+7),A6+6),A6+5),A6+4),A6+3),A6+2),A6+1) -> #N/A | B7: =IF(OFFSET(貼り付け用!$A$1,$A7,MATCH(B$1,貼り付け用!$1:$1,0)-1)=0,"",OFFSET(貼り付け用!$A$1,$A7,MATCH(B$1,貼り付け用!$1:$1,0)-1)) -> #N/A | C7: =IF(OFFSET(貼り付け用!$A$1,$A7,MATCH(C$1,貼り付け用!$1:$1,0)-1)=0,"",OFFSET(貼り付け用!$A$1,$A7,MATCH(C$1,貼り付け用!$1:$1,0)-1)) -> #N/A | D7: =IF(OFFSET(貼り付け用!$A$1,$A7,MATCH(D$1,貼り付け用!$1:$1,0)-1)=0,"",OFFSET(貼り付け用!$A$1,$A7,MATCH(D$1,貼り付け用!$1:$1,0)-1)) -> #N/A | E7: =IF(OFFSET(貼り付け用!$A$1,$A7,MATCH(E$1,貼り付け用!$1:$1,0)-1)=0,"",OFFSET(貼り付け用!$A$1,$A7,MATCH(E$1,貼り付け用!$1:$1,0)-1)) -> #N/A | F7: =IF(OFFSET(貼り付け用!$A$1,$A7,MATCH(F$1,貼り付け用!$1:$1,0)-1)=0,"",OFFSET(貼り付け用!$A$1,$A7,MATCH(F$1,貼り付け用!$1:$1,0)-1)) -> #N/A | G7: =IF(OFFSET(貼り付け用!$A$1,$A7,MATCH(G$1,貼り付け用!$1:$1,0)-1)=0,"",OFFSET(貼り付け用!$A$1,$A7,MATCH(G$1,貼り付け用!$1:$1,0)-1)) -> #N/A | H7: =IF(OFFSET(貼り付け用!$A$1,$A7,MATCH(H$1,貼り付け用!$1:$1,0)-1)=0,"",OFFSET(貼り付け用!$A$1,$A7,MATCH(H$1,貼り付け用!$1:$1,0)-1)) -> #N/A | I7: =IF(OFFSET(貼り付け用!$A$1,$A7,MATCH(I$1,貼り付け用!$1:$1,0)-1)=0,"",OFFSET(貼り付け用!$A$1,$A7,MATCH(I$1,貼り付け用!$1:$1,0)-1)) -> #N/A | ... M7: =IF(OFFSET(貼り付け用!$A$1,$A7,MATCH(M$1,貼り付け用!$1:$1,0)-1)=0,"",OFFSET(貼り付け用!$A$1,$A7,MATCH(M$1,貼り付け用!$1:$1,0)-1)) -> #N/A
A8: =IF(COUNTIF(OFFSET(貼り付け用!$A$1,A7+1,MATCH(L$1,貼り付け用!$1:$1,0)-1),"*停止*"), IF(COUNTIF(OFFSET(貼り付け用!$A$1,A7+2,MATCH(L$1,貼り付け用!$1:$1,0)-1),"*停止*"), IF(COUNTIF(OFFSET(貼り付け用!$A$1,A7+3,MATCH(L$1,貼り付け用!$1:$1,0)-1),"*停止*"), IF(COUNTIF(OFFSET(貼り付け用!$A$1,A7+4,MATCH(L$1,貼り付け用!$1:$1,0)-1),"*停止*"), IF(COUNTIF(OFFSET(貼り付け用!$A$1,A7+5,MATCH(L$1,貼り付け用!$1:$1,0)-1),"*停止*"), IF(COUNTIF(OFFSET(貼り付け用!$A$1,A7+6,MATCH(L$1,貼り付け用!$1:$1,0)-1),"*停止*"), IF(COUNTIF(OFFSET(貼り付け用!$A$1,A7+7,MATCH(L$1,貼り付け用!$1:$1,0)-1),"*停止*"), IF(COUNTIF(OFFSET(貼り付け用!$A$1,A7+8,MATCH(L$1,貼り付け用!$1:$1,0)-1),"*停止*"), IF(COUNTIF(OFFSET(貼り付け用!$A$1,A7+9,MATCH(L$1,貼り付け用!$1:$1,0)-1),"*停止*"), IF(COUNTIF(OFFSET(貼り付け用!$A$1,A7+10,MATCH(L$1,貼り付け用!$1:$1,0)-1),"*停止*"),A7+11,A7+10),A7+9),A7+8),A7+7),A7+6),A7+5),A7+4),A7+3),A7+2),A7+1) -> #N/A | B8: =IF(OFFSET(貼り付け用!$A$1,$A8,MATCH(B$1,貼り付け用!$1:$1,0)-1)=0,"",OFFSET(貼り付け用!$A$1,$A8,MATCH(B$1,貼り付け用!$1:$1,0)-1)) -> #N/A | C8: =IF(OFFSET(貼り付け用!$A$1,$A8,MATCH(C$1,貼り付け用!$1:$1,0)-1)=0,"",OFFSET(貼り付け用!$A$1,$A8,MATCH(C$1,貼り付け用!$1:$1,0)-1)) -> #N/A | D8: =IF(OFFSET(貼り付け用!$A$1,$A8,MATCH(D$1,貼り付け用!$1:$1,0)-1)=0,"",OFFSET(貼り付け用!$A$1,$A8,MATCH(D$1,貼り付け用!$1:$1,0)-1)) -> #N/A | E8: =IF(OFFSET(貼り付け用!$A$1,$A8,MATCH(E$1,貼り付け用!$1:$1,0)-1)=0,"",OFFSET(貼り付け用!$A$1,$A8,MATCH(E$1,貼り付け用!$1:$1,0)-1)) -> #N/A | F8: =IF(OFFSET(貼り付け用!$A$1,$A8,MATCH(F$1,貼り付け用!$1:$1,0)-1)=0,"",OFFSET(貼り付け用!$A$1,$A8,MATCH(F$1,貼り付け用!$1:$1,0)-1)) -> #N/A | G8: =IF(OFFSET(貼り付け用!$A$1,$A8,MATCH(G$1,貼り付け用!$1:$1,0)-1)=0,"",OFFSET(貼り付け用!$A$1,$A8,MATCH(G$1,貼り付け用!$1:$1,0)-1)) -> #N/A | H8: =IF(OFFSET(貼り付け用!$A$1,$A8,MATCH(H$1,貼り付け用!$1:$1,0)-1)=0,"",OFFSET(貼り付け用!$A$1,$A8,MATCH(H$1,貼り付け用!$1:$1,0)-1)) -> #N/A | I8: =IF(OFFSET(貼り付け用!$A$1,$A8,MATCH(I$1,貼り付け用!$1:$1,0)-1)=0,"",OFFSET(貼り付け用!$A$1,$A8,MATCH(I$1,貼り付け用!$1:$1,0)-1)) -> #N/A | ... M8: =IF(OFFSET(貼り付け用!$A$1,$A8,MATCH(M$1,貼り付け用!$1:$1,0)-1)=0,"",OFFSET(貼り付け用!$A$1,$A8,MATCH(M$1,貼り付け用!$1:$1,0)-1)) -> #N/A
A9: =IF(COUNTIF(OFFSET(貼り付け用!$A$1,A8+1,MATCH(L$1,貼り付け用!$1:$1,0)-1),"*停止*"), IF(COUNTIF(OFFSET(貼り付け用!$A$1,A8+2,MATCH(L$1,貼り付け用!$1:$1,0)-1),"*停止*"), IF(COUNTIF(OFFSET(貼り付け用!$A$1,A8+3,MATCH(L$1,貼り付け用!$1:$1,0)-1),"*停止*"), IF(COUNTIF(OFFSET(貼り付け用!$A$1,A8+4,MATCH(L$1,貼り付け用!$1:$1,0)-1),"*停止*"), IF(COUNTIF(OFFSET(貼り付け用!$A$1,A8+5,MATCH(L$1,貼り付け用!$1:$1,0)-1),"*停止*"), IF(COUNTIF(OFFSET(貼り付け用!$A$1,A8+6,MATCH(L$1,貼り付け用!$1:$1,0)-1),"*停止*"), IF(COUNTIF(OFFSET(貼り付け用!$A$1,A8+7,MATCH(L$1,貼り付け用!$1:$1,0)-1),"*停止*"), IF(COUNTIF(OFFSET(貼り付け用!$A$1,A8+8,MATCH(L$1,貼り付け用!$1:$1,0)-1),"*停止*"), IF(COUNTIF(OFFSET(貼り付け用!$A$1,A8+9,MATCH(L$1,貼り付け用!$1:$1,0)-1),"*停止*"), IF(COUNTIF(OFFSET(貼り付け用!$A$1,A8+10,MATCH(L$1,貼り付け用!$1:$1,0)-1),"*停止*"),A8+11,A8+10),A8+9),A8+8),A8+7),A8+6),A8+5),A8+4),A8+3),A8+2),A8+1) -> #N/A | B9: =IF(OFFSET(貼り付け用!$A$1,$A9,MATCH(B$1,貼り付け用!$1:$1,0)-1)=0,"",OFFSET(貼り付け用!$A$1,$A9,MATCH(B$1,貼り付け用!$1:$1,0)-1)) -> #N/A | C9: =IF(OFFSET(貼り付け用!$A$1,$A9,MATCH(C$1,貼り付け用!$1:$1,0)-1)=0,"",OFFSET(貼り付け用!$A$1,$A9,MATCH(C$1,貼り付け用!$1:$1,0)-1)) -> #N/A | D9: =IF(OFFSET(貼り付け用!$A$1,$A9,MATCH(D$1,貼り付け用!$1:$1,0)-1)=0,"",OFFSET(貼り付け用!$A$1,$A9,MATCH(D$1,貼り付け用!$1:$1,0)-1)) -> #N/A | E9: =IF(OFFSET(貼り付け用!$A$1,$A9,MATCH(E$1,貼り付け用!$1:$1,0)-1)=0,"",OFFSET(貼り付け用!$A$1,$A9,MATCH(E$1,貼り付け用!$1:$1,0)-1)) -> #N/A | F9: =IF(OFFSET(貼り付け用!$A$1,$A9,MATCH(F$1,貼り付け用!$1:$1,0)-1)=0,"",OFFSET(貼り付け用!$A$1,$A9,MATCH(F$1,貼り付け用!$1:$1,0)-1)) -> #N/A | G9: =IF(OFFSET(貼り付け用!$A$1,$A9,MATCH(G$1,貼り付け用!$1:$1,0)-1)=0,"",OFFSET(貼り付け用!$A$1,$A9,MATCH(G$1,貼り付け用!$1:$1,0)-1)) -> #N/A | H9: =IF(OFFSET(貼り付け用!$A$1,$A9,MATCH(H$1,貼り付け用!$1:$1,0)-1)=0,"",OFFSET(貼り付け用!$A$1,$A9,MATCH(H$1,貼り付け用!$1:$1,0)-1)) -> #N/A | I9: =IF(OFFSET(貼り付け用!$A$1,$A9,MATCH(I$1,貼り付け用!$1:$1,0)-1)=0,"",OFFSET(貼り付け用!$A$1,$A9,MATCH(I$1,貼り付け用!$1:$1,0)-1)) -> #N/A | ... M9: =IF(OFFSET(貼り付け用!$A$1,$A9,MATCH(M$1,貼り付け用!$1:$1,0)-1)=0,"",OFFSET(貼り付け用!$A$1,$A9,MATCH(M$1,貼り付け用!$1:$1,0)-1)) -> #N/A
A10: =IF(COUNTIF(OFFSET(貼り付け用!$A$1,A9+1,MATCH(L$1,貼り付け用!$1:$1,0)-1),"*停止*"), IF(COUNTIF(OFFSET(貼り付け用!$A$1,A9+2,MATCH(L$1,貼り付け用!$1:$1,0)-1),"*停止*"), IF(COUNTIF(OFFSET(貼り付け用!$A$1,A9+3,MATCH(L$1,貼り付け用!$1:$1,0)-1),"*停止*"), IF(COUNTIF(OFFSET(貼り付け用!$A$1,A9+4,MATCH(L$1,貼り付け用!$1:$1,0)-1),"*停止*"), IF(COUNTIF(OFFSET(貼り付け用!$A$1,A9+5,MATCH(L$1,貼り付け用!$1:$1,0)-1),"*停止*"), IF(COUNTIF(OFFSET(貼り付け用!$A$1,A9+6,MATCH(L$1,貼り付け用!$1:$1,0)-1),"*停止*"), IF(COUNTIF(OFFSET(貼り付け用!$A$1,A9+7,MATCH(L$1,貼り付け用!$1:$1,0)-1),"*停止*"), IF(COUNTIF(OFFSET(貼り付け用!$A$1,A9+8,MATCH(L$1,貼り付け用!$1:$1,0)-1),"*停止*"), IF(COUNTIF(OFFSET(貼り付け用!$A$1,A9+9,MATCH(L$1,貼り付け用!$1:$1,0)-1),"*停止*"), IF(COUNTIF(OFFSET(貼り付け用!$A$1,A9+10,MATCH(L$1,貼り付け用!$1:$1,0)-1),"*停止*"),A9+11,A9+10),A9+9),A9+8),A9+7),A9+6),A9+5),A9+4),A9+3),A9+2),A9+1) -> #N/A | B10: =IF(OFFSET(貼り付け用!$A$1,$A10,MATCH(B$1,貼り付け用!$1:$1,0)-1)=0,"",OFFSET(貼り付け用!$A$1,$A10,MATCH(B$1,貼り付け用!$1:$1,0)-1)) -> #N/A | C10: =IF(OFFSET(貼り付け用!$A$1,$A10,MATCH(C$1,貼り付け用!$1:$1,0)-1)=0,"",OFFSET(貼り付け用!$A$1,$A10,MATCH(C$1,貼り付け用!$1:$1,0)-1)) -> #N/A | D10: =IF(OFFSET(貼り付け用!$A$1,$A10,MATCH(D$1,貼り付け用!$1:$1,0)-1)=0,"",OFFSET(貼り付け用!$A$1,$A10,MATCH(D$1,貼り付け用!$1:$1,0)-1)) -> #N/A | E10: =IF(OFFSET(貼り付け用!$A$1,$A10,MATCH(E$1,貼り付け用!$1:$1,0)-1)=0,"",OFFSET(貼り付け用!$A$1,$A10,MATCH(E$1,貼り付け用!$1:$1,0)-1)) -> #N/A | F10: =IF(OFFSET(貼り付け用!$A$1,$A10,MATCH(F$1,貼り付け用!$1:$1,0)-1)=0,"",OFFSET(貼り付け用!$A$1,$A10,MATCH(F$1,貼り付け用!$1:$1,0)-1)) -> #N/A | G10: =IF(OFFSET(貼り付け用!$A$1,$A10,MATCH(G$1,貼り付け用!$1:$1,0)-1)=0,"",OFFSET(貼り付け用!$A$1,$A10,MATCH(G$1,貼り付け用!$1:$1,0)-1)) -> #N/A | H10: =IF(OFFSET(貼り付け用!$A$1,$A10,MATCH(H$1,貼り付け用!$1:$1,0)-1)=0,"",OFFSET(貼り付け用!$A$1,$A10,MATCH(H$1,貼り付け用!$1:$1,0)-1)) -> #N/A | I10: =IF(OFFSET(貼り付け用!$A$1,$A10,MATCH(I$1,貼り付け用!$1:$1,0)-1)=0,"",OFFSET(貼り付け用!$A$1,$A10,MATCH(I$1,貼り付け用!$1:$1,0)-1)) -> #N/A | ... M10: =IF(OFFSET(貼り付け用!$A$1,$A10,MATCH(M$1,貼り付け用!$1:$1,0)-1)=0,"",OFFSET(貼り付け用!$A$1,$A10,MATCH(M$1,貼り付け用!$1:$1,0)-1)) -> #N/A
A11: =IF(COUNTIF(OFFSET(貼り付け用!$A$1,A10+1,MATCH(L$1,貼り付け用!$1:$1,0)-1),"*停止*"), IF(COUNTIF(OFFSET(貼り付け用!$A$1,A10+2,MATCH(L$1,貼り付け用!$1:$1,0)-1),"*停止*"), IF(COUNTIF(OFFSET(貼り付け用!$A$1,A10+3,MATCH(L$1,貼り付け用!$1:$1,0)-1),"*停止*"), IF(COUNTIF(OFFSET(貼り付け用!$A$1,A10+4,MATCH(L$1,貼り付け用!$1:$1,0)-1),"*停止*"), IF(COUNTIF(OFFSET(貼り付け用!$A$1,A10+5,MATCH(L$1,貼り付け用!$1:$1,0)-1),"*停止*"), IF(COUNTIF(OFFSET(貼り付け用!$A$1,A10+6,MATCH(L$1,貼り付け用!$1:$1,0)-1),"*停止*"), IF(COUNTIF(OFFSET(貼り付け用!$A$1,A10+7,MATCH(L$1,貼り付け用!$1:$1,0)-1),"*停止*"), IF(COUNTIF(OFFSET(貼り付け用!$A$1,A10+8,MATCH(L$1,貼り付け用!$1:$1,0)-1),"*停止*"), IF(COUNTIF(OFFSET(貼り付け用!$A$1,A10+9,MATCH(L$1,貼り付け用!$1:$1,0)-1),"*停止*"), IF(COUNTIF(OFFSET(貼り付け用!$A$1,A10+10,MATCH(L$1,貼り付け用!$1:$1,0)-1),"*停止*"),A10+11,A10+10),A10+9),A10+8),A10+7),A10+6),A10+5),A10+4),A10+3),A10+2),A10+1) -> #N/A | B11: =IF(OFFSET(貼り付け用!$A$1,$A11,MATCH(B$1,貼り付け用!$1:$1,0)-1)=0,"",OFFSET(貼り付け用!$A$1,$A11,MATCH(B$1,貼り付け用!$1:$1,0)-1)) -> #N/A | C11: =IF(OFFSET(貼り付け用!$A$1,$A11,MATCH(C$1,貼り付け用!$1:$1,0)-1)=0,"",OFFSET(貼り付け用!$A$1,$A11,MATCH(C$1,貼り付け用!$1:$1,0)-1)) -> #N/A | D11: =IF(OFFSET(貼り付け用!$A$1,$A11,MATCH(D$1,貼り付け用!$1:$1,0)-1)=0,"",OFFSET(貼り付け用!$A$1,$A11,MATCH(D$1,貼り付け用!$1:$1,0)-1)) -> #N/A | E11: =IF(OFFSET(貼り付け用!$A$1,$A11,MATCH(E$1,貼り付け用!$1:$1,0)-1)=0,"",OFFSET(貼り付け用!$A$1,$A11,MATCH(E$1,貼り付け用!$1:$1,0)-1)) -> #N/A | F11: =IF(OFFSET(貼り付け用!$A$1,$A11,MATCH(F$1,貼り付け用!$1:$1,0)-1)=0,"",OFFSET(貼り付け用!$A$1,$A11,MATCH(F$1,貼り付け用!$1:$1,0)-1)) -> #N/A | G11: =IF(OFFSET(貼り付け用!$A$1,$A11,MATCH(G$1,貼り付け用!$1:$1,0)-1)=0,"",OFFSET(貼り付け用!$A$1,$A11,MATCH(G$1,貼り付け用!$1:$1,0)-1)) -> #N/A | H11: =IF(OFFSET(貼り付け用!$A$1,$A11,MATCH(H$1,貼り付け用!$1:$1,0)-1)=0,"",OFFSET(貼り付け用!$A$1,$A11,MATCH(H$1,貼り付け用!$1:$1,0)-1)) -> #N/A | I11: =IF(OFFSET(貼り付け用!$A$1,$A11,MATCH(I$1,貼り付け用!$1:$1,0)-1)=0,"",OFFSET(貼り付け用!$A$1,$A11,MATCH(I$1,貼り付け用!$1:$1,0)-1)) -> #N/A | ... M11: =IF(OFFSET(貼り付け用!$A$1,$A11,MATCH(M$1,貼り付け用!$1:$1,0)-1)=0,"",OFFSET(貼り付け用!$A$1,$A11,MATCH(M$1,貼り付け用!$1:$1,0)-1)) -> #N/A
A12: =IF(COUNTIF(OFFSET(貼り付け用!$A$1,A11+1,MATCH(L$1,貼り付け用!$1:$1,0)-1),"*停止*"), IF(COUNTIF(OFFSET(貼り付け用!$A$1,A11+2,MATCH(L$1,貼り付け用!$1:$1,0)-1),"*停止*"), IF(COUNTIF(OFFSET(貼り付け用!$A$1,A11+3,MATCH(L$1,貼り付け用!$1:$1,0)-1),"*停止*"), IF(COUNTIF(OFFSET(貼り付け用!$A$1,A11+4,MATCH(L$1,貼り付け用!$1:$1,0)-1),"*停止*"), IF(COUNTIF(OFFSET(貼り付け用!$A$1,A11+5,MATCH(L$1,貼り付け用!$1:$1,0)-1),"*停止*"), IF(COUNTIF(OFFSET(貼り付け用!$A$1,A11+6,MATCH(L$1,貼り付け用!$1:$1,0)-1),"*停止*"), IF(COUNTIF(OFFSET(貼り付け用!$A$1,A11+7,MATCH(L$1,貼り付け用!$1:$1,0)-1),"*停止*"), IF(COUNTIF(OFFSET(貼り付け用!$A$1,A11+8,MATCH(L$1,貼り付け用!$1:$1,0)-1),"*停止*"), IF(COUNTIF(OFFSET(貼り付け用!$A$1,A11+9,MATCH(L$1,貼り付け用!$1:$1,0)-1),"*停止*"), IF(COUNTIF(OFFSET(貼り付け用!$A$1,A11+10,MATCH(L$1,貼り付け用!$1:$1,0)-1),"*停止*"),A11+11,A11+10),A11+9),A11+8),A11+7),A11+6),A11+5),A11+4),A11+3),A11+2),A11+1) -> #N/A | B12: =IF(OFFSET(貼り付け用!$A$1,$A12,MATCH(B$1,貼り付け用!$1:$1,0)-1)=0,"",OFFSET(貼り付け用!$A$1,$A12,MATCH(B$1,貼り付け用!$1:$1,0)-1)) -> #N/A | C12: =IF(OFFSET(貼り付け用!$A$1,$A12,MATCH(C$1,貼り付け用!$1:$1,0)-1)=0,"",OFFSET(貼り付け用!$A$1,$A12,MATCH(C$1,貼り付け用!$1:$1,0)-1)) -> #N/A | D12: =IF(OFFSET(貼り付け用!$A$1,$A12,MATCH(D$1,貼り付け用!$1:$1,0)-1)=0,"",OFFSET(貼り付け用!$A$1,$A12,MATCH(D$1,貼り付け用!$1:$1,0)-1)) -> #N/A | E12: =IF(OFFSET(貼り付け用!$A$1,$A12,MATCH(E$1,貼り付け用!$1:$1,0)-1)=0,"",OFFSET(貼り付け用!$A$1,$A12,MATCH(E$1,貼り付け用!$1:$1,0)-1)) -> #N/A | F12: =IF(OFFSET(貼り付け用!$A$1,$A12,MATCH(F$1,貼り付け用!$1:$1,0)-1)=0,"",OFFSET(貼り付け用!$A$1,$A12,MATCH(F$1,貼り付け用!$1:$1,0)-1)) -> #N/A | G12: =IF(OFFSET(貼り付け用!$A$1,$A12,MATCH(G$1,貼り付け用!$1:$1,0)-1)=0,"",OFFSET(貼り付け用!$A$1,$A12,MATCH(G$1,貼り付け用!$1:$1,0)-1)) -> #N/A | H12: =IF(OFFSET(貼り付け用!$A$1,$A12,MATCH(H$1,貼り付け用!$1:$1,0)-1)=0,"",OFFSET(貼り付け用!$A$1,$A12,MATCH(H$1,貼り付け用!$1:$1,0)-1)) -> #N/A | I12: =IF(OFFSET(貼り付け用!$A$1,$A12,MATCH(I$1,貼り付け用!$1:$1,0)-1)=0,"",OFFSET(貼り付け用!$A$1,$A12,MATCH(I$1,貼り付け用!$1:$1,0)-1)) -> #N/A | ... M12: =IF(OFFSET(貼り付け用!$A$1,$A12,MATCH(M$1,貼り付け用!$1:$1,0)-1)=0,"",OFFSET(貼り付け用!$A$1,$A12,MATCH(M$1,貼り付け用!$1:$1,0)-1)) -> #N/A
A13: =IF(COUNTIF(OFFSET(貼り付け用!$A$1,A12+1,MATCH(L$1,貼り付け用!$1:$1,0)-1),"*停止*"), IF(COUNTIF(OFFSET(貼り付け用!$A$1,A12+2,MATCH(L$1,貼り付け用!$1:$1,0)-1),"*停止*"), IF(COUNTIF(OFFSET(貼り付け用!$A$1,A12+3,MATCH(L$1,貼り付け用!$1:$1,0)-1),"*停止*"), IF(COUNTIF(OFFSET(貼り付け用!$A$1,A12+4,MATCH(L$1,貼り付け用!$1:$1,0)-1),"*停止*"), IF(COUNTIF(OFFSET(貼り付け用!$A$1,A12+5,MATCH(L$1,貼り付け用!$1:$1,0)-1),"*停止*"), IF(COUNTIF(OFFSET(貼り付け用!$A$1,A12+6,MATCH(L$1,貼り付け用!$1:$1,0)-1),"*停止*"), IF(COUNTIF(OFFSET(貼り付け用!$A$1,A12+7,MATCH(L$1,貼り付け用!$1:$1,0)-1),"*停止*"), IF(COUNTIF(OFFSET(貼り付け用!$A$1,A12+8,MATCH(L$1,貼り付け用!$1:$1,0)-1),"*停止*"), IF(COUNTIF(OFFSET(貼り付け用!$A$1,A12+9,MATCH(L$1,貼り付け用!$1:$1,0)-1),"*停止*"), IF(COUNTIF(OFFSET(貼り付け用!$A$1,A12+10,MATCH(L$1,貼り付け用!$1:$1,0)-1),"*停止*"),A12+11,A12+10),A12+9),A12+8),A12+7),A12+6),A12+5),A12+4),A12+3),A12+2),A12+1) -> #N/A | B13: =IF(OFFSET(貼り付け用!$A$1,$A13,MATCH(B$1,貼り付け用!$1:$1,0)-1)=0,"",OFFSET(貼り付け用!$A$1,$A13,MATCH(B$1,貼り付け用!$1:$1,0)-1)) -> #N/A | C13: =IF(OFFSET(貼り付け用!$A$1,$A13,MATCH(C$1,貼り付け用!$1:$1,0)-1)=0,"",OFFSET(貼り付け用!$A$1,$A13,MATCH(C$1,貼り付け用!$1:$1,0)-1)) -> #N/A | D13: =IF(OFFSET(貼り付け用!$A$1,$A13,MATCH(D$1,貼り付け用!$1:$1,0)-1)=0,"",OFFSET(貼り付け用!$A$1,$A13,MATCH(D$1,貼り付け用!$1:$1,0)-1)) -> #N/A | E13: =IF(OFFSET(貼り付け用!$A$1,$A13,MATCH(E$1,貼り付け用!$1:$1,0)-1)=0,"",OFFSET(貼り付け用!$A$1,$A13,MATCH(E$1,貼り付け用!$1:$1,0)-1)) -> #N/A | F13: =IF(OFFSET(貼り付け用!$A$1,$A13,MATCH(F$1,貼り付け用!$1:$1,0)-1)=0,"",OFFSET(貼り付け用!$A$1,$A13,MATCH(F$1,貼り付け用!$1:$1,0)-1)) -> #N/A | G13: =IF(OFFSET(貼り付け用!$A$1,$A13,MATCH(G$1,貼り付け用!$1:$1,0)-1)=0,"",OFFSET(貼り付け用!$A$1,$A13,MATCH(G$1,貼り付け用!$1:$1,0)-1)) -> #N/A | H13: =IF(OFFSET(貼り付け用!$A$1,$A13,MATCH(H$1,貼り付け用!$1:$1,0)-1)=0,"",OFFSET(貼り付け用!$A$1,$A13,MATCH(H$1,貼り付け用!$1:$1,0)-1)) -> #N/A | I13: =IF(OFFSET(貼り付け用!$A$1,$A13,MATCH(I$1,貼り付け用!$1:$1,0)-1)=0,"",OFFSET(貼り付け用!$A$1,$A13,MATCH(I$1,貼り付け用!$1:$1,0)-1)) -> #N/A | ... M13: =IF(OFFSET(貼り付け用!$A$1,$A13,MATCH(M$1,貼り付け用!$1:$1,0)-1)=0,"",OFFSET(貼り付け用!$A$1,$A13,MATCH(M$1,貼り付け用!$1:$1,0)-1)) -> #N/A
A14: =IF(COUNTIF(OFFSET(貼り付け用!$A$1,A13+1,MATCH(L$1,貼り付け用!$1:$1,0)-1),"*停止*"), IF(COUNTIF(OFFSET(貼り付け用!$A$1,A13+2,MATCH(L$1,貼り付け用!$1:$1,0)-1),"*停止*"), IF(COUNTIF(OFFSET(貼り付け用!$A$1,A13+3,MATCH(L$1,貼り付け用!$1:$1,0)-1),"*停止*"), IF(COUNTIF(OFFSET(貼り付け用!$A$1,A13+4,MATCH(L$1,貼り付け用!$1:$1,0)-1),"*停止*"), IF(COUNTIF(OFFSET(貼り付け用!$A$1,A13+5,MATCH(L$1,貼り付け用!$1:$1,0)-1),"*停止*"), IF(COUNTIF(OFFSET(貼り付け用!$A$1,A13+6,MATCH(L$1,貼り付け用!$1:$1,0)-1),"*停止*"), IF(COUNTIF(OFFSET(貼り付け用!$A$1,A13+7,MATCH(L$1,貼り付け用!$1:$1,0)-1),"*停止*"), IF(COUNTIF(OFFSET(貼り付け用!$A$1,A13+8,MATCH(L$1,貼り付け用!$1:$1,0)-1),"*停止*"), IF(COUNTIF(OFFSET(貼り付け用!$A$1,A13+9,MATCH(L$1,貼り付け用!$1:$1,0)-1),"*停止*"), IF(COUNTIF(OFFSET(貼り付け用!$A$1,A13+10,MATCH(L$1,貼り付け用!$1:$1,0)-1),"*停止*"),A13+11,A13+10),A13+9),A13+8),A13+7),A13+6),A13+5),A13+4),A13+3),A13+2),A13+1) -> #N/A | B14: =IF(OFFSET(貼り付け用!$A$1,$A14,MATCH(B$1,貼り付け用!$1:$1,0)-1)=0,"",OFFSET(貼り付け用!$A$1,$A14,MATCH(B$1,貼り付け用!$1:$1,0)-1)) -> #N/A | C14: =IF(OFFSET(貼り付け用!$A$1,$A14,MATCH(C$1,貼り付け用!$1:$1,0)-1)=0,"",OFFSET(貼り付け用!$A$1,$A14,MATCH(C$1,貼り付け用!$1:$1,0)-1)) -> #N/A | D14: =IF(OFFSET(貼り付け用!$A$1,$A14,MATCH(D$1,貼り付け用!$1:$1,0)-1)=0,"",OFFSET(貼り付け用!$A$1,$A14,MATCH(D$1,貼り付け用!$1:$1,0)-1)) -> #N/A | E14: =IF(OFFSET(貼り付け用!$A$1,$A14,MATCH(E$1,貼り付け用!$1:$1,0)-1)=0,"",OFFSET(貼り付け用!$A$1,$A14,MATCH(E$1,貼り付け用!$1:$1,0)-1)) -> #N/A | F14: =IF(OFFSET(貼り付け用!$A$1,$A14,MATCH(F$1,貼り付け用!$1:$1,0)-1)=0,"",OFFSET(貼り付け用!$A$1,$A14,MATCH(F$1,貼り付け用!$1:$1,0)-1)) -> #N/A | G14: =IF(OFFSET(貼り付け用!$A$1,$A14,MATCH(G$1,貼り付け用!$1:$1,0)-1)=0,"",OFFSET(貼り付け用!$A$1,$A14,MATCH(G$1,貼り付け用!$1:$1,0)-1)) -> #N/A | H14: =IF(OFFSET(貼り付け用!$A$1,$A14,MATCH(H$1,貼り付け用!$1:$1,0)-1)=0,"",OFFSET(貼り付け用!$A$1,$A14,MATCH(H$1,貼り付け用!$1:$1,0)-1)) -> #N/A | I14: =IF(OFFSET(貼り付け用!$A$1,$A14,MATCH(I$1,貼り付け用!$1:$1,0)-1)=0,"",OFFSET(貼り付け用!$A$1,$A14,MATCH(I$1,貼り付け用!$1:$1,0)-1)) -> #N/A | ... M14: =IF(OFFSET(貼り付け用!$A$1,$A14,MATCH(M$1,貼り付け用!$1:$1,0)-1)=0,"",OFFSET(貼り付け用!$A$1,$A14,MATCH(M$1,貼り付け用!$1:$1,0)-1)) -> #N/A
... A300: =IF(COUNTIF(OFFSET(貼り付け用!$A$1,A299+1,MATCH(L$1,貼り付け用!$1:$1,0)-1),"*停止*"), IF(COUNTIF(OFFSET(貼り付け用!$A$1,A299+2,MATCH(L$1,貼り付け用!$1:$1,0)-1),"*停止*"), IF(COUNTIF(OFFSET(貼り付け用!$A$1,A299+3,MATCH(L$1,貼り付け用!$1:$1,0)-1),"*停止*"), IF(COUNTIF(OFFSET(貼り付け用!$A$1,A299+4,MATCH(L$1,貼り付け用!$1:$1,0)-1),"*停止*"), IF(COUNTIF(OFFSET(貼り付け用!$A$1,A299+5,MATCH(L$1,貼り付け用!$1:$1,0)-1),"*停止*"), IF(COUNTIF(OFFSET(貼り付け用!$A$1,A299+6,MATCH(L$1,貼り付け用!$1:$1,0)-1),"*停止*"), IF(COUNTIF(OFFSET(貼り付け用!$A$1,A299+7,MATCH(L$1,貼り付け用!$1:$1,0)-1),"*停止*"), IF(COUNTIF(OFFSET(貼り付け用!$A$1,A299+8,MATCH(L$1,貼り付け用!$1:$1,0)-1),"*停止*"), IF(COUNTIF(OFFSET(貼り付け用!$A$1,A299+9,MATCH(L$1,貼り付け用!$1:$1,0)-1),"*停止*"), IF(COUNTIF(OFFSET(貼り付け用!$A$1,A299+10,MATCH(L$1,貼り付け用!$1:$1,0)-1),"*停止*"),A299+11,A299+10),A299+9),A299+8),A299+7),A299+6),A299+5),A299+4),A299+3),A299+2),A299+1) -> #N/A | B300: =IF(OFFSET(貼り付け用!$A$1,$A300,MATCH(B$1,貼り付け用!$1:$1,0)-1)=0,"",OFFSET(貼り付け用!$A$1,$A300,MATCH(B$1,貼り付け用!$1:$1,0)-1)) -> #N/A | C300: =IF(OFFSET(貼り付け用!$A$1,$A300,MATCH(C$1,貼り付け用!$1:$1,0)-1)=0,"",OFFSET(貼り付け用!$A$1,$A300,MATCH(C$1,貼り付け用!$1:$1,0)-1)) -> #N/A | D300: =IF(OFFSET(貼り付け用!$A$1,$A300,MATCH(D$1,貼り付け用!$1:$1,0)-1)=0,"",OFFSET(貼り付け用!$A$1,$A300,MATCH(D$1,貼り付け用!$1:$1,0)-1)) -> #N/A | E300: =IF(OFFSET(貼り付け用!$A$1,$A300,MATCH(E$1,貼り付け用!$1:$1,0)-1)=0,"",OFFSET(貼り付け用!$A$1,$A300,MATCH(E$1,貼り付け用!$1:$1,0)-1)) -> #N/A | F300: =IF(OFFSET(貼り付け用!$A$1,$A300,MATCH(F$1,貼り付け用!$1:$1,0)-1)=0,"",OFFSET(貼り付け用!$A$1,$A300,MATCH(F$1,貼り付け用!$1:$1,0)-1)) -> #N/A | G300: =IF(OFFSET(貼り付け用!$A$1,$A300,MATCH(G$1,貼り付け用!$1:$1,0)-1)=0,"",OFFSET(貼り付け用!$A$1,$A300,MATCH(G$1,貼り付け用!$1:$1,0)-1)) -> #N/A | H300: =IF(OFFSET(貼り付け用!$A$1,$A300,MATCH(H$1,貼り付け用!$1:$1,0)-1)=0,"",OFFSET(貼り付け用!$A$1,$A300,MATCH(H$1,貼り付け用!$1:$1,0)-1)) -> #N/A | I300: =IF(OFFSET(貼り付け用!$A$1,$A300,MATCH(I$1,貼り付け用!$1:$1,0)-1)=0,"",OFFSET(貼り付け用!$A$1,$A300,MATCH(I$1,貼り付け用!$1:$1,0)-1)) -> #N/A | ... M300: =IF(OFFSET(貼り付け用!$A$1,$A300,MATCH(M$1,貼り付け用!$1:$1,0)-1)=0,"",OFFSET(貼り付け用!$A$1,$A300,MATCH(M$1,貼り付け用!$1:$1,0)-1)) -> #N/A
